{
    "$schema": "https://schema.management.azure.com/schemas/2015-01-01/deploymentParameters.json#",
    "contentVersion": "1.0.0.0",
    "parameters": {
        "apis_hacklogic_path": {
            "value": null
        },
        "subscriptions_6328e51fccc6970061070001_displayName": {
            "value": null
        },
        "subscriptions_6328e51fccc6970061070002_displayName": {
            "value": null
        },
        "subscriptions_632a683c217d201420db380a_displayName": {
            "value": null
        },
        "users_1_lastName": {
            "value": null
        },
        "connections_arm_name": {
            "value": null
        },
        "connections_acsemail_name": {
            "value": null
        },
        "workflows_hacklogic_name": {
            "value": null
        },
        "connections_office365_name": {
            "value": null
        },
        "connections_acsemail_1_name": {
            "value": null
        },
        "connections_acsemail_2_name": {
            "value": null
        },
        "workflows_emailtestphnak_name": {
            "value": null
        },
        "service_hackathonapim_name": {
            "value": null
        },
        "components_hackathonappinsight_name": {
            "value": null
        },
        "emailServices_hackemailservice_name": {
            "value": null
        },
        "storageAccounts_hackstorageaccttemplate_name": {
            "value": null
        },
        "workspaces_hackathonloganalytic_name": {
            "value": null
        },
        "CommunicationServices_testcommunicationservice2_name": {
            "value": null
        },
        "solutions_LogicAppsManagement_hackathonloganalytic__name": {
            "value": null
        },
        "smartdetectoralertrules_failure_anomalies___hackathonappinsight_name": {
            "value": null
        },
        "actiongroups_application_insights_smart_detection_externalid": {
            "value": null
        },
        "deployments___encodeURIComponent__autodeployHack____externalid": {
            "value": null
        }
    }
}