{"name":"fd10a41a-daae-4a99-ac85-b53e8c0e49ea","id":"/providers/Microsoft.Flow/flows/fd10a41a-daae-4a99-ac85-b53e8c0e49ea","type":"Microsoft.Flow/flows","properties":{"apiId":"/providers/Microsoft.PowerApps/apis/shared_logicflows","displayName":"powerapptoapi","definition":{"metadata":{"workflowEntityId":null,"processAdvisorMetadata":null,"flowclientsuspensionreason":"None","flowclientsuspensiontime":null,"flowclientsuspensionreasondetails":null,"creator":{"id":"616f3d37-1ded-4e0e-af82-c77306ea198d","type":"User","tenantId":"72f988bf-86f1-41af-91ab-2d7cd011db47"},"provisioningMethod":"FromDefinition","failureAlertSubscription":true,"clientLastModifiedTime":"2022-09-21T09:22:18.1433652Z"},"$schema":"https://schema.management.azure.com/providers/Microsoft.Logic/schemas/2016-06-01/workflowdefinition.json#","contentVersion":"1.0.0.0","parameters":{"$connections":{"defaultValue":{},"type":"Object"},"$authentication":{"defaultValue":{},"type":"SecureObject"}},"triggers":{"manual":{"metadata":{"operationMetadataId":"d618cf39-6a73-4780-acc9-48d53c113730"},"type":"Request","kind":"PowerApp","inputs":{"schema":{"type":"object","properties":{"Approvalrequiredfrom-BusinessUnitManager_Assignedto":{"type":"string","description":"Email addresses, separated by a semicolon (;). This parameter is used as part of \"D302456D-2AF4-40CB-AD72-77F459D4B554\"","x-ms-powerflows-param-ispartial":true}},"required":["Approvalrequiredfrom-BusinessUnitManager_Assignedto"]}},"runtimeConfiguration":{"concurrency":{"runs":1}}}},"actions":{"Approval_required_from_-_Business_Unit_Manager":{"runAfter":{},"metadata":{"operationMetadataId":"aec833c2-9670-4392-9162-5b8f8c6957bd"},"type":"OpenApiConnectionWebhook","inputs":{"host":{"apiId":"/providers/Microsoft.PowerApps/apis/shared_approvals","connectionName":"shared_approvals","operationId":"approvalSubscribeV2"},"parameters":{"approvalType":"Basic","ApprovalCreationInput/title":"Approval Request to create virtual machine from Business Manager","ApprovalCreationInput/assignedTo":"@{triggerBody()['Approvalrequiredfrom-BusinessUnitManager_Assignedto']};","ApprovalCreationInput/enableNotifications":true},"authentication":{"value":"@json(decodeBase64(triggerOutputs().headers['X-MS-APIM-Tokens']))['$ConnectionKey']","type":"Raw"}}},"Condition":{"actions":{"Condition_2":{"actions":{"Send_an_email_(V2)":{"runAfter":{},"metadata":{"operationMetadataId":"6c19a5de-8c00-49b5-9add-b6c052c3ba56"},"type":"OpenApiConnection","inputs":{"host":{"apiId":"/providers/Microsoft.PowerApps/apis/shared_office365","connectionName":"shared_office365","operationId":"SendEmailV2"},"parameters":{"emailMessage/To":";@{triggerBody()['Approvalrequiredfrom-BusinessUnitManager_Assignedto']}","emailMessage/Subject":"Your request for VM has been approved by IT Manager","emailMessage/Body":"<p>Your request for VM has been approved by IT Manager</p>","emailMessage/Importance":"Normal"},"authentication":{"value":"@json(decodeBase64(triggerOutputs().headers['X-MS-APIM-Tokens']))['$ConnectionKey']","type":"Raw"}}}},"runAfter":{"Create_an_approval":["Succeeded"]},"else":{"actions":{"Send_an_email_(V2)_2":{"runAfter":{},"metadata":{"operationMetadataId":"4a105dd2-cb23-4530-880b-5a27a416c356"},"type":"OpenApiConnection","inputs":{"host":{"apiId":"/providers/Microsoft.PowerApps/apis/shared_office365","connectionName":"shared_office365","operationId":"SendEmailV2"},"parameters":{"emailMessage/To":"@triggerBody()['Approvalrequiredfrom-BusinessUnitManager_Assignedto']","emailMessage/Subject":"Your request has been rejected by IT Manager","emailMessage/Body":"<p>Your approval request has been rejected&nbsp;</p>","emailMessage/Importance":"Normal"},"authentication":{"value":"@json(decodeBase64(triggerOutputs().headers['X-MS-APIM-Tokens']))['$ConnectionKey']","type":"Raw"}}}}},"expression":{"equals":["@outputs('Approval_required_from_-_Business_Unit_Manager')?['body/response']","Approve"]},"metadata":{"operationMetadataId":"a09b8037-c19e-4ab7-932a-a7c13420f6d8"},"type":"If"},"Create_an_approval":{"runAfter":{},"metadata":{"operationMetadataId":"c2b60e13-b03f-4b1a-b6d7-cc98446451e9"},"type":"OpenApiConnection","inputs":{"host":{"apiId":"/providers/Microsoft.PowerApps/apis/shared_approvals","connectionName":"shared_approvals","operationId":"CreateAnApproval"},"parameters":{"approvalType":"Basic","ApprovalCreationInput/title":"New VM request : Approval request from IT Manager","ApprovalCreationInput/assignedTo":"@{triggerBody()['Approvalrequiredfrom-BusinessUnitManager_Assignedto']};","ApprovalCreationInput/details":"New VM request : Approval request from IT Manager","ApprovalCreationInput/enableNotifications":true,"ApprovalCreationInput/enableReassignment":true},"authentication":{"value":"@json(decodeBase64(triggerOutputs().headers['X-MS-APIM-Tokens']))['$ConnectionKey']","type":"Raw"}}}},"runAfter":{"Approval_required_from_-_Business_Unit_Manager":["Succeeded"]},"else":{"actions":{"Send_rejection_email":{"runAfter":{},"metadata":{"operationMetadataId":"972b1624-4f0a-4623-9d41-0f07f7ea880b"},"type":"OpenApiConnection","inputs":{"host":{"apiId":"/providers/Microsoft.PowerApps/apis/shared_office365","connectionName":"shared_office365","operationId":"SendEmailV2"},"parameters":{"emailMessage/To":";@{triggerBody()['Approvalrequiredfrom-BusinessUnitManager_Assignedto']}","emailMessage/Subject":"Your request has been rejected by Business Manager","emailMessage/Body":"Your approval request has been rejected by @{outputs('Approval_required_from_-_Business_Unit_Manager')?['body/responder/displayName']}. Business Manager\nComments (if any): @{outputs('Approval_required_from_-_Business_Unit_Manager')?['body/comments']}"},"authentication":{"value":"@json(decodeBase64(triggerOutputs().headers['X-MS-APIM-Tokens']))['$ConnectionKey']","type":"Raw"}}}}},"expression":{"equals":["@outputs('Approval_required_from_-_Business_Unit_Manager')?['body/response']","Approve"]},"metadata":{"operationMetadataId":"94f56e1d-73f7-45cb-979e-87b23f9eda9c"},"type":"If"}},"description":"Request an approval when a button or link in Power Apps is selected. Approvers can view their approval requests in the Approvals Center and over email. Once the approver responds an approval or rejection email will be sent to a recipient as a follow up."},"connectionReferences":{"shared_approvals":{"connectionName":"shared-approvals-8783556a-c255-4c83-858e-8f2cdcfbc19a","source":"Invoker","id":"/providers/Microsoft.PowerApps/apis/shared_approvals","tier":"NotSpecified"},"shared_office365":{"connectionName":"68cacd322246458fa61b716d7a2321af","source":"Invoker","id":"/providers/Microsoft.PowerApps/apis/shared_office365","tier":"NotSpecified"}},"flowFailureAlertSubscribed":false,"isManaged":false}}