{
    "$schema": "https://schema.management.azure.com/schemas/2015-01-01/deploymentParameters.json#",
    "contentVersion": "1.0.0.0",
    "parameters": {
        "workflows_hacklogic_name": {
            "value": null
        },
        "deployments___encodeURIComponent__autodeployHack____externalid": {
            "value": null
        },
        "connections_acsemail_2_externalid": {
            "value": null
        },
        "connections_arm_externalid": {
            "value": null
        }
    }
}