{
    "$schema": "https://schema.management.azure.com/schemas/2019-04-01/deploymentTemplate.json#",
    "contentVersion": "1.0.0.0",
    "parameters": {
        "workflows_hacklogic_name": {
            "defaultValue": "hacklogic",
            "type": "String"
        },
        "deployments___encodeURIComponent__autodeployHack____externalid": {
            "defaultValue": "/subscriptions/@{encodeURIComponent('02dc74ce-74ab-4467-b287-c7ee6b4523e1')}/resourceGroups/@{encodeURIComponent(triggerBody()?['projectName'])}/providers/Microsoft.Resources/deployments/@{encodeURIComponent('autodeployHack')}",
            "type": "String"
        },
        "connections_acsemail_2_externalid": {
            "defaultValue": "/subscriptions/02dc74ce-74ab-4467-b287-c7ee6b4523e1/resourceGroups/hackhathonfy2023/providers/Microsoft.Web/connections/acsemail-2",
            "type": "String"
        },
        "connections_arm_externalid": {
            "defaultValue": "/subscriptions/02dc74ce-74ab-4467-b287-c7ee6b4523e1/resourceGroups/hackhathonfy2023/providers/Microsoft.Web/connections/arm",
            "type": "String"
        }
    },
    "variables": {},
    "resources": [
        {
            "type": "Microsoft.Logic/workflows",
            "apiVersion": "2017-07-01",
            "name": "[parameters('workflows_hacklogic_name')]",
            "location": "australiaeast",
            "tags": {
                "project": "hackathon"
            },
            "identity": {
                "type": "SystemAssigned"
            },
            "properties": {
                "state": "Enabled",
                "definition": {
                    "$schema": "https://schema.management.azure.com/providers/Microsoft.Logic/schemas/2016-06-01/workflowdefinition.json#",
                    "contentVersion": "1.0.0.0",
                    "parameters": {
                        "$connections": {
                            "defaultValue": {},
                            "type": "Object"
                        }
                    },
                    "triggers": {
                        "manual": {
                            "type": "Request",
                            "kind": "Http",
                            "inputs": {
                                "schema": {
                                    "properties": {
                                        "projectName": {
                                            "type": "string"
                                        },
                                        "workloadType": {
                                            "type": "string"
                                        }
                                    },
                                    "type": "object"
                                }
                            },
                            "conditions": [],
                            "operationOptions": "EnableSchemaValidation",
                            "runtimeConfiguration": {
                                "concurrency": {
                                    "runs": 1
                                }
                            }
                        }
                    },
                    "actions": {
                        "Condition": {
                            "actions": {
                                "Condition_2": {
                                    "actions": {
                                        "Send_email_(Preview)": {
                                            "runAfter": {},
                                            "type": "ApiConnection",
                                            "inputs": {
                                                "body": {
                                                    "content": {
                                                        "html": "<p>Deployment Resource Group Status: @{body('Create_or_update_a_resource_group')?['properties']?['provisioningState']}<br>\nDeployment Resource Status : @{body('Create_or_update_a_template_deployment')?['properties']?['provisioningState']}</p>",
                                                        "subject": "Test commnication service"
                                                    },
                                                    "disableUserEngagementTracking": true,
                                                    "importance": "normal",
                                                    "recipients": {
                                                        "to": [
                                                            {
                                                                "email": "phnakorn@microsoft.com"
                                                            }
                                                        ]
                                                    },
                                                    "sender": "DoNotReply@9b9eeabb-c972-4b89-917c-0887613cd2df.azurecomm.net"
                                                },
                                                "host": {
                                                    "connection": {
                                                        "name": "@parameters('$connections')['acsemail']['connectionId']"
                                                    }
                                                },
                                                "method": "post",
                                                "path": "/emails:send",
                                                "queries": {
                                                    "api-version": "2021-10-01-preview"
                                                }
                                            }
                                        }
                                    },
                                    "runAfter": {
                                        "Create_or_update_a_template_deployment": [
                                            "Succeeded"
                                        ]
                                    },
                                    "else": {
                                        "actions": {
                                            "Terminate_2": {
                                                "runAfter": {},
                                                "type": "Terminate",
                                                "inputs": {
                                                    "runError": {
                                                        "code": "500",
                                                        "message": "Provision resource fail - need to check"
                                                    },
                                                    "runStatus": "Failed"
                                                }
                                            }
                                        }
                                    },
                                    "expression": {
                                        "and": [
                                            {
                                                "equals": [
                                                    "@body('Create_or_update_a_template_deployment')?['properties']?['provisioningState']",
                                                    "Succeeded"
                                                ]
                                            }
                                        ]
                                    },
                                    "type": "If"
                                },
                                "Create_or_update_a_template_deployment": {
                                    "runAfter": {},
                                    "type": "ApiConnection",
                                    "inputs": {
                                        "body": {
                                            "properties": {
                                                "mode": "Incremental",
                                                "parametersLink": {
                                                    "uri": "https://hackstorageaccttemplate.blob.core.windows.net/templatedeployment/azuredeploy.parameters.json?sp=r&st=2022-09-21T00:52:22Z&se=2022-10-06T07:52:22Z&sv=2021-06-08&sr=b&sig=ZAVDXH8QFo8i4%2FFvbzs7s5EzJQAd5CN3%2FxNlwa%2BxBrA%3D"
                                                },
                                                "templateLink": {
                                                    "uri": "https://hackstorageaccttemplate.blob.core.windows.net/templatedeployment/azuredeploy.json?sp=r&st=2022-09-21T00:45:37Z&se=2022-10-06T07:45:37Z&sv=2021-06-08&sr=b&sig=AXIqwG8hpaw92VjtcO5YdRlBxhhNWL6mlx8LNSaI1h4%3D"
                                                }
                                            }
                                        },
                                        "host": {
                                            "connection": {
                                                "name": "@parameters('$connections')['arm']['connectionId']"
                                            }
                                        },
                                        "method": "put",
                                        "path": "[parameters('deployments___encodeURIComponent__autodeployHack____externalid')]",
                                        "queries": {
                                            "wait": true,
                                            "x-ms-api-version": "2016-06-01"
                                        }
                                    }
                                }
                            },
                            "runAfter": {
                                "Create_or_update_a_resource_group": [
                                    "Succeeded"
                                ]
                            },
                            "else": {
                                "actions": {
                                    "Delete_a_resource_group": {
                                        "runAfter": {},
                                        "type": "ApiConnection",
                                        "inputs": {
                                            "host": {
                                                "connection": {
                                                    "name": "@parameters('$connections')['arm']['connectionId']"
                                                }
                                            },
                                            "method": "delete",
                                            "path": "/subscriptions/@{encodeURIComponent('02dc74ce-74ab-4467-b287-c7ee6b4523e1')}/resourcegroups/@{encodeURIComponent(triggerBody()?['projectName'])}",
                                            "queries": {
                                                "x-ms-api-version": "2016-06-01"
                                            }
                                        }
                                    },
                                    "Terminate": {
                                        "runAfter": {
                                            "Delete_a_resource_group": [
                                                "Succeeded"
                                            ]
                                        },
                                        "type": "Terminate",
                                        "inputs": {
                                            "runError": {
                                                "code": "500",
                                                "message": "Unable to create a resource group  : @{body('Create_or_update_a_resource_group')?['properties']}"
                                            },
                                            "runStatus": "Failed"
                                        }
                                    }
                                }
                            },
                            "expression": {
                                "and": [
                                    {
                                        "equals": [
                                            "@body('Create_or_update_a_resource_group')?['properties']?['provisioningState']",
                                            "Succeeded"
                                        ]
                                    }
                                ]
                            },
                            "type": "If"
                        },
                        "Create_or_update_a_resource_group": {
                            "runAfter": {},
                            "type": "ApiConnection",
                            "inputs": {
                                "body": {
                                    "location": "australiaeast"
                                },
                                "host": {
                                    "connection": {
                                        "name": "@parameters('$connections')['arm']['connectionId']"
                                    }
                                },
                                "method": "put",
                                "path": "/subscriptions/@{encodeURIComponent('02dc74ce-74ab-4467-b287-c7ee6b4523e1')}/resourcegroups/@{encodeURIComponent(triggerBody()?['projectName'])}",
                                "queries": {
                                    "x-ms-api-version": "2016-06-01"
                                }
                            }
                        }
                    },
                    "outputs": {}
                },
                "parameters": {
                    "$connections": {
                        "value": {
                            "acsemail": {
                                "connectionId": "[parameters('connections_acsemail_2_externalid')]",
                                "connectionName": "acsemail-2",
                                "id": "/subscriptions/02dc74ce-74ab-4467-b287-c7ee6b4523e1/providers/Microsoft.Web/locations/australiaeast/managedApis/acsemail"
                            },
                            "arm": {
                                "connectionId": "[parameters('connections_arm_externalid')]",
                                "connectionName": "arm",
                                "connectionProperties": {
                                    "authentication": {
                                        "type": "ManagedServiceIdentity"
                                    }
                                },
                                "id": "/subscriptions/02dc74ce-74ab-4467-b287-c7ee6b4523e1/providers/Microsoft.Web/locations/australiaeast/managedApis/arm"
                            }
                        }
                    }
                }
            }
        }
    ]
}