{"schemaVersion":"1.0","appDefinitionTemplate":{"id":"/providers/Microsoft.PowerApps/apps/","type":"Microsoft.PowerApps/apps","tags":{"primaryDeviceWidth":"640","primaryDeviceHeight":"1136","sienaVersion":"20200729T135143Z-3.20072.20.0","deviceCapabilities":"","supportsPortrait":"true","supportsLandscape":"false","primaryFormFactor":"Phone","publisherVersion":"3.20072.20","minimumRequiredApiVersion":"2.2.0","hasComponent":"false","hasUnlockedComponent":"false","isUnifiedRootApp":"false"},"properties":{"appVersion":"2021-11-03T03:26:14Z","lifeCycleId":"Published","createdByClientVersion":{"major":3,"minor":20072,"build":20,"revision":0,"majorRevision":0,"minorRevision":0},"minClientVersion":{"major":3,"minor":20072,"build":20,"revision":0,"majorRevision":0,"minorRevision":0},"backgroundColor":"rgba(0, 134, 208, 1)","backgroundImageUri":"/8156435019381417408/Nc0bde28b-9230-4c85-8c52-284cdf571248-N79604c68-1d14-464a-bbaf-9b74a94c37a9-logoSmallFile","displayName":"Azure Vending Machine","description":"This is the prototype for Hackathon on Azure Vending Machine","commitMessage":"","appUris":{"documentUri":{"value":"/8156435019381417408/N8526081a-5fd5-4fdb-aba3-b32b003a898f-N02bb89d6-8673-4aa5-8715-812a8b977769-document.msapp"},"imageUris":[],"additionalUris":[]},"createdTime":"0001-01-01T00:00:00Z","lastModifiedTime":"0001-01-01T00:00:00Z","sharedGroupsCount":0,"sharedUsersCount":0,"icons":{"smallIconUri":"/8156435019381417408/Nab9e01af-a0d5-4112-ba87-9b952058e3ea-Nac9b5485-dc81-4c3c-a47f-2b18b17cefc7-small.png","mediumIconUri":"/8156435019381417408/N281b82bd-e022-48ae-a9b0-6e99b919908e-Nebc051b5-c125-4834-ad59-3087fa08e467-medium.png","largeIconUri":"/8156435019381417408/Nb8ebcd46-2e52-414d-a852-b6b3ad50bc5f-Nabd8bdcc-26a1-4178-b650-ab09ab298d2f-large.png","wideIconUri":"/8156435019381417408/Ne83d2e46-25cf-47c7-a1fe-9a5b70dc1b40-N62513320-e49c-43b7-b9b3-0e364819b12c-wide.png"},"connectionReferences":{"30b67966-59ff-4f91-8c7a-6927d1f2739f":{"id":"44c16b51-4e8e-4ffc-ae1b-7242ebba3607","displayName":"Logic flows","iconUri":"https://connectoricons-prod.azureedge.net/releases/v1.0.1534/1.0.1534.2605/logicflows/icon.png","dataSources":["powerapptoapi"],"dependencies":["9acf353a-dc4f-4248-9253-ffdba716be7c","dc7edf79-6429-49d6-adc6-a22fba56c560"],"dependents":[],"parameterHints":{"workflowName":{"value":"510363d8-b189-4b5a-ba17-946e6bd04f89"},"9acf353a-dc4f-4248-9253-ffdba716be7c":{"value":"shared_office365"},"dc7edf79-6429-49d6-adc6-a22fba56c560":{"value":"shared_approvals"}},"isOnPremiseConnection":false,"bypassConsent":false,"dataSets":{},"apiTier":"Standard","isCustomApiConnection":false,"nestedActions":[{"id":"/providers/Microsoft.PowerApps/apis/shared_office365/apiOperations/SendEmailV2","apiName":"Office 365 Outlook","actionName":"SendEmailV2","referencedResources":[]}]},"9acf353a-dc4f-4248-9253-ffdba716be7c":{"id":"f84a2862-e6cd-413b-8c59-8a33b7f7b2d3","displayName":"Office 365 Outlook","iconUri":"https://connectoricons-prod.azureedge.net/releases/v1.0.1532/1.0.1532.2599/office365/icon.png","dataSources":[],"dependencies":[],"dependents":["30b67966-59ff-4f91-8c7a-6927d1f2739f"],"parameterHints":{},"isOnPremiseConnection":false,"bypassConsent":false,"dataSets":{},"apiTier":"Standard","isCustomApiConnection":false},"dc7edf79-6429-49d6-adc6-a22fba56c560":{"id":"ccb828b9-6ecf-4e63-9e9f-bfd5abdb5493","displayName":"Approvals","iconUri":"https://connectoricons-prod.azureedge.net/releases/v1.0.1516/1.0.1516.2558/approvals/icon.png","dataSources":[],"dependencies":[],"dependents":["30b67966-59ff-4f91-8c7a-6927d1f2739f"],"parameterHints":{},"isOnPremiseConnection":false,"bypassConsent":false,"dataSets":{},"apiTier":"Standard","isCustomApiConnection":false}},"databaseReferences":{},"almMode":"Environment","performanceOptimizationEnabled":true,"canConsumeAppPass":true,"executionRestrictions":{"isTeamsOnly":false,"dataLossPreventionEvaluationResult":{"status":"Compliant","lastEvaluationDate":"2022-02-10T06:49:11.7181085Z","violations":[],"violationsByPolicy":[],"violationErrorMessage":"The app uses the following connectors: shared_logicflows, shared_office365, shared_approvals."},"httpActionRestriction":{"appUsesSharepointHttpAction":false,"enforcementStrategy":"Legacy","evaluationTime":"2022-02-10T06:49:11.7181085Z"}}},"isAppComponentLibrary":false,"appType":"ClassicCanvasApp","appComponents":[]}}